{"stats":{"minecraft:custom":{"minecraft:time_since_rest":213663,"minecraft:crouch_one_cm":6368,"minecraft:sprint_one_cm":109550,"minecraft:play_time":213663,"minecraft:walk_one_cm":68919,"minecraft:sneak_time":5518,"minecraft:aviate_one_cm":7204,"minecraft:jump":981,"minecraft:leave_game":18,"minecraft:time_since_death":213663,"minecraft:climb_one_cm":3560,"minecraft:total_world_time":345878,"minecraft:fall_one_cm":72221,"minecraft:fly_one_cm":5430223},"minecraft:used":{"minecraft:deepslate_tiles":68,"minecraft:smooth_quartz_stairs":29,"minecraft:cyan_terracotta":1,"minecraft:diamond_block":27,"minecraft:coal_ore":4,"minecraft:quartz_pillar":56,"minecraft:command_block":22,"minecraft:gray_glazed_terracotta":3,"minecraft:oxidized_copper":17,"minecraft:deepslate_iron_ore":1,"minecraft:yellow_glazed_terracotta":2,"minecraft:smooth_quartz_slab":22,"minecraft:iron_block":11,"minecraft:barrier":25,"minecraft:carrot_on_a_stick":278,"minecraft:lime_wool":167,"minecraft:gold_block":23,"minecraft:copper_block":14,"minecraft:white_glazed_terracotta":1,"minecraft:polished_blackstone_button":6,"minecraft:red_terracotta":9,"minecraft:smooth_quartz":191,"minecraft:diorite_wall":23,"minecraft:lime_glazed_terracotta":3,"minecraft:player_head":2}},"DataVersion":2730}