{"stats":{"minecraft:used":{"minecraft:azalea":8,"minecraft:oak_fence":9,"minecraft:moss_block":274,"minecraft:jack_o_lantern":4,"minecraft:blue_terracotta":1,"minecraft:dead_tube_coral_block":90,"minecraft:chiseled_deepslate":17,"minecraft:ladder":125,"minecraft:poppy":4,"minecraft:cracked_deepslate_bricks":1,"minecraft:smooth_quartz_slab":1305,"minecraft:redstone_ore":3,"minecraft:bone_block":53,"minecraft:dispenser":16,"minecraft:polished_blackstone":1,"minecraft:carrot_on_a_stick":1,"minecraft:dead_brain_coral":6,"minecraft:polished_basalt":194,"minecraft:white_concrete_powder":2,"minecraft:spruce_planks":63,"minecraft:tinted_glass":50,"minecraft:stone":160,"minecraft:deepslate_gold_ore":20,"minecraft:grass":40,"minecraft:structure_block":4,"minecraft:netherrack":53,"minecraft:green_glazed_terracotta":1,"minecraft:oxidized_cut_copper":93,"minecraft:spyglass":1,"minecraft:dirt":27,"minecraft:soul_sand":36,"minecraft:warped_wart_block":29,"minecraft:target":7,"minecraft:cut_copper":8,"minecraft:blue_stained_glass":10,"minecraft:nether_quartz_ore":13,"minecraft:prismarine_bricks":387,"minecraft:orange_glazed_terracotta":51,"minecraft:nether_bricks":249,"minecraft:twisting_vines":17,"minecraft:allium":4,"minecraft:dead_tube_coral":2,"minecraft:light_gray_glazed_terracotta":1,"minecraft:oak_wood":37,"minecraft:bee_nest":1,"minecraft:tuff":31,"minecraft:blue_concrete":401,"minecraft:dead_brain_coral_block":101,"minecraft:azure_bluet":5,"minecraft:weeping_vines":151,"minecraft:obsidian":22,"minecraft:big_dripleaf":21,"minecraft:glass":1036,"minecraft:honey_block":152,"minecraft:bricks":22,"minecraft:coal_ore":2,"minecraft:bookshelf":202,"minecraft:red_wool":24,"minecraft:blue_orchid":1,"minecraft:rooted_dirt":37,"minecraft:slime_block":35,"minecraft:warped_nylium":101,"minecraft:smooth_quartz":6472,"minecraft:crimson_roots":3,"minecraft:raw_gold_block":29,"minecraft:diorite_wall":890,"minecraft:barrel":34,"minecraft:stone_bricks":59,"minecraft:item_frame":4,"minecraft:basalt":192,"minecraft:deepslate_diamond_ore":19,"minecraft:repeater":1,"minecraft:raw_copper_block":1,"minecraft:glowstone":12,"minecraft:redstone_lamp":13,"minecraft:lime_concrete":1033,"minecraft:weathered_cut_copper":6,"minecraft:black_stained_glass":6,"minecraft:warped_fungus":2,"minecraft:gray_glazed_terracotta":1,"minecraft:soul_soil":35,"minecraft:furnace":2,"minecraft:yellow_glazed_terracotta":31,"minecraft:oak_sapling":1,"minecraft:white_stained_glass_pane":56,"minecraft:gold_block":41,"minecraft:dead_bubble_coral_block":48,"minecraft:orange_terracotta":9,"minecraft:lime_glazed_terracotta":1,"minecraft:deepslate_emerald_ore":7,"minecraft:crimson_stem":5,"minecraft:emerald_ore":3,"minecraft:warped_stem":11,"minecraft:end_stone_bricks":6,"minecraft:iron_ore":36,"minecraft:light_blue_glazed_terracotta":53,"minecraft:pink_glazed_terracotta":1,"minecraft:lodestone":1,"minecraft:birch_planks":40,"minecraft:oak_planks":362,"minecraft:polished_andesite":1,"minecraft:prismarine":43,"minecraft:lime_wool":1144,"minecraft:red_nether_bricks":28,"minecraft:cartography_table":4,"minecraft:copper_block":42,"minecraft:blackstone":73,"minecraft:purple_glazed_terracotta":2,"minecraft:cut_sandstone":7,"minecraft:composter":2,"minecraft:cauldron":4,"minecraft:magenta_stained_glass":49,"minecraft:clay":11,"minecraft:chiseled_nether_bricks":3,"minecraft:purpur_pillar":15,"minecraft:warped_roots":3,"minecraft:deepslate_bricks":420,"minecraft:oak_leaves":14,"minecraft:polished_blackstone_bricks":279,"minecraft:gilded_blackstone":4,"minecraft:smooth_quartz_stairs":26,"minecraft:white_wool":10,"minecraft:respawn_anchor":4,"minecraft:glow_berries":49,"minecraft:diamond_block":82,"minecraft:sand":135,"minecraft:lime_terracotta":22,"minecraft:rail":7,"minecraft:yellow_terracotta":34,"minecraft:light_blue_concrete":273,"minecraft:cyan_glazed_terracotta":1,"minecraft:tnt":15,"minecraft:crafting_table":5,"minecraft:loom":1,"minecraft:deepslate_redstone_ore":6,"minecraft:blue_ice":272,"minecraft:dead_bubble_coral":2,"minecraft:chiseled_quartz_block":83,"minecraft:note_block":11,"minecraft:brown_glazed_terracotta":1,"minecraft:end_stone":3,"minecraft:deepslate_lapis_ore":1,"minecraft:smoker":2,"minecraft:spruce_log":5,"minecraft:nether_gold_ore":16,"minecraft:deepslate_tiles":37,"minecraft:oak_log":84,"minecraft:sticky_piston":3,"minecraft:dark_prismarine":14,"minecraft:blue_glazed_terracotta":1,"minecraft:oxeye_daisy":5,"minecraft:daylight_detector":1,"minecraft:command_block":1,"minecraft:light_gray_concrete":199,"minecraft:cracked_polished_blackstone_bricks":5,"minecraft:nether_sprouts":3,"minecraft:deepslate_iron_ore":5,"minecraft:barrier":760,"minecraft:string":9,"minecraft:stone_button":1,"minecraft:map":11,"minecraft:magenta_concrete":308,"minecraft:white_glazed_terracotta":671,"minecraft:cracked_nether_bricks":5,"minecraft:red_terracotta":27,"minecraft:diamond_ore":7,"minecraft:deepslate":300,"minecraft:gravel":11,"minecraft:flowering_azalea_leaves":11,"minecraft:crimson_nylium":35,"minecraft:yellow_wool":5,"minecraft:dead_horn_coral":7,"minecraft:nether_wart_block":12,"minecraft:crimson_fungus":2,"minecraft:azalea_leaves":163,"minecraft:exposed_cut_copper":7,"minecraft:andesite":11,"minecraft:birch_log":6,"minecraft:chain":71,"minecraft:magenta_glazed_terracotta":446,"minecraft:white_concrete":20,"minecraft:dandelion":8,"minecraft:cobweb":2},"minecraft:picked_up":{"minecraft:deepslate_tiles":1,"minecraft:honey_block":1},"minecraft:dropped":{"minecraft:respawn_anchor":64,"minecraft:oak_log":1,"minecraft:copper_block":128,"minecraft:emerald_ore":1,"minecraft:purple_glazed_terracotta":64,"minecraft:deepslate_diamond_ore":64,"minecraft:weeping_vines":1,"minecraft:redstone_lamp":1,"minecraft:dispenser":64,"minecraft:lodestone":1,"minecraft:wooden_axe":1,"minecraft:white_concrete":1,"minecraft:cut_copper":64,"minecraft:white_stained_glass_pane":1,"minecraft:green_glazed_terracotta":64,"minecraft:blue_glazed_terracotta":64,"minecraft:tinted_glass":1,"minecraft:sticky_piston":64,"minecraft:brown_glazed_terracotta":64,"minecraft:smoker":1,"minecraft:yellow_stained_glass":64,"minecraft:diamond_ore":1,"minecraft:deepslate_tiles":1,"minecraft:honey_block":1,"minecraft:glowstone":1,"minecraft:cartography_table":64},"minecraft:custom":{"minecraft:open_barrel":1,"minecraft:leave_game":46,"minecraft:time_since_death":2033675,"minecraft:climb_one_cm":20342,"minecraft:sprint_one_cm":951631,"minecraft:walk_one_cm":547273,"minecraft:drop":27,"minecraft:play_time":2033675,"minecraft:sneak_time":72603,"minecraft:jump":9015,"minecraft:total_world_time":3455173,"minecraft:interact_with_cartography_table":1,"minecraft:tune_noteblock":12,"minecraft:time_since_rest":2033675,"minecraft:damage_taken":70,"minecraft:damage_dealt":398,"minecraft:fly_one_cm":34230190,"minecraft:crouch_one_cm":91949,"minecraft:aviate_one_cm":68642,"minecraft:interact_with_smoker":1,"minecraft:fall_one_cm":937463,"minecraft:inspect_dispenser":1}},"DataVersion":2730}